number,status,problem_url
1,https://teorth.github.io/erdosproblems/,https://www.erdosproblems.com/1
3,https://teorth.github.io/erdosproblems/,https://www.erdosproblems.com/3
5,https://teorth.github.io/erdosproblems/,https://www.erdosproblems.com/5
7,https://teorth.github.io/erdosproblems/,https://www.erdosproblems.com/7
9,https://teorth.github.io/erdosproblems/,https://www.erdosproblems.com/9
10,https://teorth.github.io/erdosproblems/,https://www.erdosproblems.com/10
11,https://teorth.github.io/erdosproblems/,https://www.erdosproblems.com/11
12,https://teorth.github.io/erdosproblems/,https://www.erdosproblems.com/12
14,https://teorth.github.io/erdosproblems/,https://www.erdosproblems.com/14
15,https://teorth.github.io/erdosproblems/,https://www.erdosproblems.com/15
17,https://teorth.github.io/erdosproblems/,https://www.erdosproblems.com/17
18,https://teorth.github.io/erdosproblems/,https://www.erdosproblems.com/18
20,https://teorth.github.io/erdosproblems/,https://www.erdosproblems.com/20
23,https://teorth.github.io/erdosproblems/,https://www.erdosproblems.com/23
25,https://teorth.github.io/erdosproblems/,https://www.erdosproblems.com/25
28,https://teorth.github.io/erdosproblems/,https://www.erdosproblems.com/28
30,https://teorth.github.io/erdosproblems/,https://www.erdosproblems.com/30
32,https://teorth.github.io/erdosproblems/,https://www.erdosproblems.com/32
33,https://teorth.github.io/erdosproblems/,https://www.erdosproblems.com/33
36,https://teorth.github.io/erdosproblems/,https://www.erdosproblems.com/36
38,https://teorth.github.io/erdosproblems/,https://www.erdosproblems.com/38
39,https://teorth.github.io/erdosproblems/,https://www.erdosproblems.com/39
40,https://teorth.github.io/erdosproblems/,https://www.erdosproblems.com/40
41,https://teorth.github.io/erdosproblems/,https://www.erdosproblems.com/41
42,https://teorth.github.io/erdosproblems/,https://www.erdosproblems.com/42
43,https://teorth.github.io/erdosproblems/,https://www.erdosproblems.com/43
44,https://teorth.github.io/erdosproblems/,https://www.erdosproblems.com/44
50,https://teorth.github.io/erdosproblems/,https://www.erdosproblems.com/50
51,https://teorth.github.io/erdosproblems/,https://www.erdosproblems.com/51
52,https://teorth.github.io/erdosproblems/,https://www.erdosproblems.com/52
60,https://teorth.github.io/erdosproblems/,https://www.erdosproblems.com/60
61,https://teorth.github.io/erdosproblems/,https://www.erdosproblems.com/61
62,https://teorth.github.io/erdosproblems/,https://www.erdosproblems.com/62
64,https://teorth.github.io/erdosproblems/,https://www.erdosproblems.com/64
65,https://teorth.github.io/erdosproblems/,https://www.erdosproblems.com/65
66,https://teorth.github.io/erdosproblems/,https://www.erdosproblems.com/66
68,https://teorth.github.io/erdosproblems/,https://www.erdosproblems.com/68
70,https://teorth.github.io/erdosproblems/,https://www.erdosproblems.com/70
74,https://teorth.github.io/erdosproblems/,https://www.erdosproblems.com/74
75,https://teorth.github.io/erdosproblems/,https://www.erdosproblems.com/75
77,https://teorth.github.io/erdosproblems/,https://www.erdosproblems.com/77
78,https://teorth.github.io/erdosproblems/,https://www.erdosproblems.com/78
80,https://teorth.github.io/erdosproblems/,https://www.erdosproblems.com/80
81,https://teorth.github.io/erdosproblems/,https://www.erdosproblems.com/81
82,https://teorth.github.io/erdosproblems/,https://www.erdosproblems.com/82
84,https://teorth.github.io/erdosproblems/,https://www.erdosproblems.com/84
85,https://teorth.github.io/erdosproblems/,https://www.erdosproblems.com/85
86,https://teorth.github.io/erdosproblems/,https://www.erdosproblems.com/86
87,https://teorth.github.io/erdosproblems/,https://www.erdosproblems.com/87
89,https://teorth.github.io/erdosproblems/,https://www.erdosproblems.com/89
90,https://teorth.github.io/erdosproblems/,https://www.erdosproblems.com/90
91,https://teorth.github.io/erdosproblems/,https://www.erdosproblems.com/91
92,https://teorth.github.io/erdosproblems/,https://www.erdosproblems.com/92
96,https://teorth.github.io/erdosproblems/,https://www.erdosproblems.com/96
97,https://teorth.github.io/erdosproblems/,https://www.erdosproblems.com/97
98,https://teorth.github.io/erdosproblems/,https://www.erdosproblems.com/98
99,https://teorth.github.io/erdosproblems/,https://www.erdosproblems.com/99
100,https://teorth.github.io/erdosproblems/,https://www.erdosproblems.com/100
101,https://teorth.github.io/erdosproblems/,https://www.erdosproblems.com/101
102,https://teorth.github.io/erdosproblems/,https://www.erdosproblems.com/102
103,https://teorth.github.io/erdosproblems/,https://www.erdosproblems.com/103
104,https://teorth.github.io/erdosproblems/,https://www.erdosproblems.com/104
106,https://teorth.github.io/erdosproblems/,https://www.erdosproblems.com/106
107,https://teorth.github.io/erdosproblems/,https://www.erdosproblems.com/107
108,https://teorth.github.io/erdosproblems/,https://www.erdosproblems.com/108
111,https://teorth.github.io/erdosproblems/,https://www.erdosproblems.com/111
112,https://teorth.github.io/erdosproblems/,https://www.erdosproblems.com/112
114,https://teorth.github.io/erdosproblems/,https://www.erdosproblems.com/114
117,https://teorth.github.io/erdosproblems/,https://www.erdosproblems.com/117
119,https://teorth.github.io/erdosproblems/,https://www.erdosproblems.com/119
120,https://teorth.github.io/erdosproblems/,https://www.erdosproblems.com/120
122,https://teorth.github.io/erdosproblems/,https://www.erdosproblems.com/122
123,https://teorth.github.io/erdosproblems/,https://www.erdosproblems.com/123
124,https://teorth.github.io/erdosproblems/,https://www.erdosproblems.com/124
125,https://teorth.github.io/erdosproblems/,https://www.erdosproblems.com/125
126,https://teorth.github.io/erdosproblems/,https://www.erdosproblems.com/126
128,https://teorth.github.io/erdosproblems/,https://www.erdosproblems.com/128
129,https://teorth.github.io/erdosproblems/,https://www.erdosproblems.com/129
130,https://teorth.github.io/erdosproblems/,https://www.erdosproblems.com/130
131,https://teorth.github.io/erdosproblems/,https://www.erdosproblems.com/131
132,https://teorth.github.io/erdosproblems/,https://www.erdosproblems.com/132
137,https://teorth.github.io/erdosproblems/,https://www.erdosproblems.com/137
138,https://teorth.github.io/erdosproblems/,https://www.erdosproblems.com/138
141,https://teorth.github.io/erdosproblems/,https://www.erdosproblems.com/141
142,https://teorth.github.io/erdosproblems/,https://www.erdosproblems.com/142
143,https://teorth.github.io/erdosproblems/,https://www.erdosproblems.com/143
145,https://teorth.github.io/erdosproblems/,https://www.erdosproblems.com/145
146,https://teorth.github.io/erdosproblems/,https://www.erdosproblems.com/146
148,https://teorth.github.io/erdosproblems/,https://www.erdosproblems.com/148
149,https://teorth.github.io/erdosproblems/,https://www.erdosproblems.com/149
151,https://teorth.github.io/erdosproblems/,https://www.erdosproblems.com/151
152,https://teorth.github.io/erdosproblems/,https://www.erdosproblems.com/152
153,https://teorth.github.io/erdosproblems/,https://www.erdosproblems.com/153
155,https://teorth.github.io/erdosproblems/,https://www.erdosproblems.com/155
156,https://teorth.github.io/erdosproblems/,https://www.erdosproblems.com/156
158,https://teorth.github.io/erdosproblems/,https://www.erdosproblems.com/158
159,https://teorth.github.io/erdosproblems/,https://www.erdosproblems.com/159
160,https://teorth.github.io/erdosproblems/,https://www.erdosproblems.com/160
161,https://teorth.github.io/erdosproblems/,https://www.erdosproblems.com/161
162,https://teorth.github.io/erdosproblems/,https://www.erdosproblems.com/162
165,https://teorth.github.io/erdosproblems/,https://www.erdosproblems.com/165
167,https://teorth.github.io/erdosproblems/,https://www.erdosproblems.com/167
168,https://teorth.github.io/erdosproblems/,https://www.erdosproblems.com/168
169,https://teorth.github.io/erdosproblems/,https://www.erdosproblems.com/169
170,https://teorth.github.io/erdosproblems/,https://www.erdosproblems.com/170
172,https://teorth.github.io/erdosproblems/,https://www.erdosproblems.com/172
173,https://teorth.github.io/erdosproblems/,https://www.erdosproblems.com/173
174,https://teorth.github.io/erdosproblems/,https://www.erdosproblems.com/174
176,https://teorth.github.io/erdosproblems/,https://www.erdosproblems.com/176
177,https://teorth.github.io/erdosproblems/,https://www.erdosproblems.com/177
180,https://teorth.github.io/erdosproblems/,https://www.erdosproblems.com/180
181,https://teorth.github.io/erdosproblems/,https://www.erdosproblems.com/181
183,https://teorth.github.io/erdosproblems/,https://www.erdosproblems.com/183
184,https://teorth.github.io/erdosproblems/,https://www.erdosproblems.com/184
187,https://teorth.github.io/erdosproblems/,https://www.erdosproblems.com/187
188,https://teorth.github.io/erdosproblems/,https://www.erdosproblems.com/188
190,https://teorth.github.io/erdosproblems/,https://www.erdosproblems.com/190
193,https://teorth.github.io/erdosproblems/,https://www.erdosproblems.com/193
195,https://teorth.github.io/erdosproblems/,https://www.erdosproblems.com/195
196,https://teorth.github.io/erdosproblems/,https://www.erdosproblems.com/196
197,https://teorth.github.io/erdosproblems/,https://www.erdosproblems.com/197
200,https://teorth.github.io/erdosproblems/,https://www.erdosproblems.com/200
201,https://teorth.github.io/erdosproblems/,https://www.erdosproblems.com/201
202,https://teorth.github.io/erdosproblems/,https://www.erdosproblems.com/202
203,https://teorth.github.io/erdosproblems/,https://www.erdosproblems.com/203
208,https://teorth.github.io/erdosproblems/,https://www.erdosproblems.com/208
212,https://teorth.github.io/erdosproblems/,https://www.erdosproblems.com/212
213,https://teorth.github.io/erdosproblems/,https://www.erdosproblems.com/213
217,https://teorth.github.io/erdosproblems/,https://www.erdosproblems.com/217
218,https://teorth.github.io/erdosproblems/,https://www.erdosproblems.com/218
222,https://teorth.github.io/erdosproblems/,https://www.erdosproblems.com/222
233,https://teorth.github.io/erdosproblems/,https://www.erdosproblems.com/233
234,https://teorth.github.io/erdosproblems/,https://www.erdosproblems.com/234
236,https://teorth.github.io/erdosproblems/,https://www.erdosproblems.com/236
238,https://teorth.github.io/erdosproblems/,https://www.erdosproblems.com/238
241,https://teorth.github.io/erdosproblems/,https://www.erdosproblems.com/241
242,https://teorth.github.io/erdosproblems/,https://www.erdosproblems.com/242
243,https://teorth.github.io/erdosproblems/,https://www.erdosproblems.com/243
244,https://teorth.github.io/erdosproblems/,https://www.erdosproblems.com/244
247,https://teorth.github.io/erdosproblems/,https://www.erdosproblems.com/247
249,https://teorth.github.io/erdosproblems/,https://www.erdosproblems.com/249
251,https://teorth.github.io/erdosproblems/,https://www.erdosproblems.com/251
252,https://teorth.github.io/erdosproblems/,https://www.erdosproblems.com/252
254,https://teorth.github.io/erdosproblems/,https://www.erdosproblems.com/254
256,https://teorth.github.io/erdosproblems/,https://www.erdosproblems.com/256
257,https://teorth.github.io/erdosproblems/,https://www.erdosproblems.com/257
258,https://teorth.github.io/erdosproblems/,https://www.erdosproblems.com/258
260,https://teorth.github.io/erdosproblems/,https://www.erdosproblems.com/260
261,https://teorth.github.io/erdosproblems/,https://www.erdosproblems.com/261
263,https://teorth.github.io/erdosproblems/,https://www.erdosproblems.com/263
264,https://teorth.github.io/erdosproblems/,https://www.erdosproblems.com/264
265,https://teorth.github.io/erdosproblems/,https://www.erdosproblems.com/265
267,https://teorth.github.io/erdosproblems/,https://www.erdosproblems.com/267
269,https://teorth.github.io/erdosproblems/,https://www.erdosproblems.com/269
271,https://teorth.github.io/erdosproblems/,https://www.erdosproblems.com/271
272,https://teorth.github.io/erdosproblems/,https://www.erdosproblems.com/272
273,https://teorth.github.io/erdosproblems/,https://www.erdosproblems.com/273
274,https://teorth.github.io/erdosproblems/,https://www.erdosproblems.com/274
276,https://teorth.github.io/erdosproblems/,https://www.erdosproblems.com/276
278,https://teorth.github.io/erdosproblems/,https://www.erdosproblems.com/278
279,https://teorth.github.io/erdosproblems/,https://www.erdosproblems.com/279
281,https://teorth.github.io/erdosproblems/,https://www.erdosproblems.com/281
282,https://teorth.github.io/erdosproblems/,https://www.erdosproblems.com/282
283,https://teorth.github.io/erdosproblems/,https://www.erdosproblems.com/283
287,https://teorth.github.io/erdosproblems/,https://www.erdosproblems.com/287
288,https://teorth.github.io/erdosproblems/,https://www.erdosproblems.com/288
289,https://teorth.github.io/erdosproblems/,https://www.erdosproblems.com/289
291,https://teorth.github.io/erdosproblems/,https://www.erdosproblems.com/291
293,https://teorth.github.io/erdosproblems/,https://www.erdosproblems.com/293
295,https://teorth.github.io/erdosproblems/,https://www.erdosproblems.com/295
301,https://teorth.github.io/erdosproblems/,https://www.erdosproblems.com/301
302,https://teorth.github.io/erdosproblems/,https://www.erdosproblems.com/302
304,https://teorth.github.io/erdosproblems/,https://www.erdosproblems.com/304
306,https://teorth.github.io/erdosproblems/,https://www.erdosproblems.com/306
307,https://teorth.github.io/erdosproblems/,https://www.erdosproblems.com/307
311,https://teorth.github.io/erdosproblems/,https://www.erdosproblems.com/311
312,https://teorth.github.io/erdosproblems/,https://www.erdosproblems.com/312
313,https://teorth.github.io/erdosproblems/,https://www.erdosproblems.com/313
317,https://teorth.github.io/erdosproblems/,https://www.erdosproblems.com/317
318,https://teorth.github.io/erdosproblems/,https://www.erdosproblems.com/318
319,https://teorth.github.io/erdosproblems/,https://www.erdosproblems.com/319
320,https://teorth.github.io/erdosproblems/,https://www.erdosproblems.com/320
321,https://teorth.github.io/erdosproblems/,https://www.erdosproblems.com/321
322,https://teorth.github.io/erdosproblems/,https://www.erdosproblems.com/322
323,https://teorth.github.io/erdosproblems/,https://www.erdosproblems.com/323
324,https://teorth.github.io/erdosproblems/,https://www.erdosproblems.com/324
325,https://teorth.github.io/erdosproblems/,https://www.erdosproblems.com/325
326,https://teorth.github.io/erdosproblems/,https://www.erdosproblems.com/326
327,https://teorth.github.io/erdosproblems/,https://www.erdosproblems.com/327
329,https://teorth.github.io/erdosproblems/,https://www.erdosproblems.com/329
330,https://teorth.github.io/erdosproblems/,https://www.erdosproblems.com/330
332,https://teorth.github.io/erdosproblems/,https://www.erdosproblems.com/332
334,https://teorth.github.io/erdosproblems/,https://www.erdosproblems.com/334
335,https://teorth.github.io/erdosproblems/,https://www.erdosproblems.com/335
336,https://teorth.github.io/erdosproblems/,https://www.erdosproblems.com/336
338,https://teorth.github.io/erdosproblems/,https://www.erdosproblems.com/338
340,https://teorth.github.io/erdosproblems/,https://www.erdosproblems.com/340
341,https://teorth.github.io/erdosproblems/,https://www.erdosproblems.com/341
342,https://teorth.github.io/erdosproblems/,https://www.erdosproblems.com/342
345,https://teorth.github.io/erdosproblems/,https://www.erdosproblems.com/345
346,https://teorth.github.io/erdosproblems/,https://www.erdosproblems.com/346
347,https://teorth.github.io/erdosproblems/,https://www.erdosproblems.com/347
348,https://teorth.github.io/erdosproblems/,https://www.erdosproblems.com/348
349,https://teorth.github.io/erdosproblems/,https://www.erdosproblems.com/349
351,https://teorth.github.io/erdosproblems/,https://www.erdosproblems.com/351
352,https://teorth.github.io/erdosproblems/,https://www.erdosproblems.com/352
354,https://teorth.github.io/erdosproblems/,https://www.erdosproblems.com/354
357,https://teorth.github.io/erdosproblems/,https://www.erdosproblems.com/357
358,https://teorth.github.io/erdosproblems/,https://www.erdosproblems.com/358
359,https://teorth.github.io/erdosproblems/,https://www.erdosproblems.com/359
361,https://teorth.github.io/erdosproblems/,https://www.erdosproblems.com/361
364,https://teorth.github.io/erdosproblems/,https://www.erdosproblems.com/364
365,https://teorth.github.io/erdosproblems/,https://www.erdosproblems.com/365
366,https://teorth.github.io/erdosproblems/,https://www.erdosproblems.com/366
367,https://teorth.github.io/erdosproblems/,https://www.erdosproblems.com/367
368,https://teorth.github.io/erdosproblems/,https://www.erdosproblems.com/368
369,https://teorth.github.io/erdosproblems/,https://www.erdosproblems.com/369
371,https://teorth.github.io/erdosproblems/,https://www.erdosproblems.com/371
373,https://teorth.github.io/erdosproblems/,https://www.erdosproblems.com/373
374,https://teorth.github.io/erdosproblems/,https://www.erdosproblems.com/374
375,https://teorth.github.io/erdosproblems/,https://www.erdosproblems.com/375
376,https://teorth.github.io/erdosproblems/,https://www.erdosproblems.com/376
377,https://teorth.github.io/erdosproblems/,https://www.erdosproblems.com/377
380,https://teorth.github.io/erdosproblems/,https://www.erdosproblems.com/380
382,https://teorth.github.io/erdosproblems/,https://www.erdosproblems.com/382
383,https://teorth.github.io/erdosproblems/,https://www.erdosproblems.com/383
385,https://teorth.github.io/erdosproblems/,https://www.erdosproblems.com/385
386,https://teorth.github.io/erdosproblems/,https://www.erdosproblems.com/386
387,https://teorth.github.io/erdosproblems/,https://www.erdosproblems.com/387
388,https://teorth.github.io/erdosproblems/,https://www.erdosproblems.com/388
389,https://teorth.github.io/erdosproblems/,https://www.erdosproblems.com/389
390,https://teorth.github.io/erdosproblems/,https://www.erdosproblems.com/390
393,https://teorth.github.io/erdosproblems/,https://www.erdosproblems.com/393
394,https://teorth.github.io/erdosproblems/,https://www.erdosproblems.com/394
396,https://teorth.github.io/erdosproblems/,https://www.erdosproblems.com/396
398,https://teorth.github.io/erdosproblems/,https://www.erdosproblems.com/398
400,https://teorth.github.io/erdosproblems/,https://www.erdosproblems.com/400
404,https://teorth.github.io/erdosproblems/,https://www.erdosproblems.com/404
406,https://teorth.github.io/erdosproblems/,https://www.erdosproblems.com/406
408,https://teorth.github.io/erdosproblems/,https://www.erdosproblems.com/408
409,https://teorth.github.io/erdosproblems/,https://www.erdosproblems.com/409
410,https://teorth.github.io/erdosproblems/,https://www.erdosproblems.com/410
411,https://teorth.github.io/erdosproblems/,https://www.erdosproblems.com/411
412,https://teorth.github.io/erdosproblems/,https://www.erdosproblems.com/412
413,https://teorth.github.io/erdosproblems/,https://www.erdosproblems.com/413
414,https://teorth.github.io/erdosproblems/,https://www.erdosproblems.com/414
415,https://teorth.github.io/erdosproblems/,https://www.erdosproblems.com/415
416,https://teorth.github.io/erdosproblems/,https://www.erdosproblems.com/416
417,https://teorth.github.io/erdosproblems/,https://www.erdosproblems.com/417
420,https://teorth.github.io/erdosproblems/,https://www.erdosproblems.com/420
421,https://teorth.github.io/erdosproblems/,https://www.erdosproblems.com/421
422,https://teorth.github.io/erdosproblems/,https://www.erdosproblems.com/422
423,https://teorth.github.io/erdosproblems/,https://www.erdosproblems.com/423
424,https://teorth.github.io/erdosproblems/,https://www.erdosproblems.com/424
425,https://teorth.github.io/erdosproblems/,https://www.erdosproblems.com/425
428,https://teorth.github.io/erdosproblems/,https://www.erdosproblems.com/428
430,https://teorth.github.io/erdosproblems/,https://www.erdosproblems.com/430
431,https://teorth.github.io/erdosproblems/,https://www.erdosproblems.com/431
432,https://teorth.github.io/erdosproblems/,https://www.erdosproblems.com/432
436,https://teorth.github.io/erdosproblems/,https://www.erdosproblems.com/436
445,https://teorth.github.io/erdosproblems/,https://www.erdosproblems.com/445
450,https://teorth.github.io/erdosproblems/,https://www.erdosproblems.com/450
451,https://teorth.github.io/erdosproblems/,https://www.erdosproblems.com/451
452,https://teorth.github.io/erdosproblems/,https://www.erdosproblems.com/452
454,https://teorth.github.io/erdosproblems/,https://www.erdosproblems.com/454
455,https://teorth.github.io/erdosproblems/,https://www.erdosproblems.com/455
456,https://teorth.github.io/erdosproblems/,https://www.erdosproblems.com/456
457,https://teorth.github.io/erdosproblems/,https://www.erdosproblems.com/457
458,https://teorth.github.io/erdosproblems/,https://www.erdosproblems.com/458
460,https://teorth.github.io/erdosproblems/,https://www.erdosproblems.com/460
461,https://teorth.github.io/erdosproblems/,https://www.erdosproblems.com/461
462,https://teorth.github.io/erdosproblems/,https://www.erdosproblems.com/462
463,https://teorth.github.io/erdosproblems/,https://www.erdosproblems.com/463
467,https://teorth.github.io/erdosproblems/,https://www.erdosproblems.com/467
468,https://teorth.github.io/erdosproblems/,https://www.erdosproblems.com/468
469,https://teorth.github.io/erdosproblems/,https://www.erdosproblems.com/469
470,https://teorth.github.io/erdosproblems/,https://www.erdosproblems.com/470
472,https://teorth.github.io/erdosproblems/,https://www.erdosproblems.com/472
475,https://teorth.github.io/erdosproblems/,https://www.erdosproblems.com/475
477,https://teorth.github.io/erdosproblems/,https://www.erdosproblems.com/477
478,https://teorth.github.io/erdosproblems/,https://www.erdosproblems.com/478
479,https://teorth.github.io/erdosproblems/,https://www.erdosproblems.com/479
483,https://teorth.github.io/erdosproblems/,https://www.erdosproblems.com/483
486,https://teorth.github.io/erdosproblems/,https://www.erdosproblems.com/486
488,https://teorth.github.io/erdosproblems/,https://www.erdosproblems.com/488
489,https://teorth.github.io/erdosproblems/,https://www.erdosproblems.com/489
495,https://teorth.github.io/erdosproblems/,https://www.erdosproblems.com/495
500,https://teorth.github.io/erdosproblems/,https://www.erdosproblems.com/500
501,https://teorth.github.io/erdosproblems/,https://www.erdosproblems.com/501
503,https://teorth.github.io/erdosproblems/,https://www.erdosproblems.com/503
507,https://teorth.github.io/erdosproblems/,https://www.erdosproblems.com/507
508,https://teorth.github.io/erdosproblems/,https://www.erdosproblems.com/508
509,https://teorth.github.io/erdosproblems/,https://www.erdosproblems.com/509
510,https://teorth.github.io/erdosproblems/,https://www.erdosproblems.com/510
513,https://teorth.github.io/erdosproblems/,https://www.erdosproblems.com/513
514,https://teorth.github.io/erdosproblems/,https://www.erdosproblems.com/514
517,https://teorth.github.io/erdosproblems/,https://www.erdosproblems.com/517
520,https://teorth.github.io/erdosproblems/,https://www.erdosproblems.com/520
521,https://teorth.github.io/erdosproblems/,https://www.erdosproblems.com/521
522,https://teorth.github.io/erdosproblems/,https://www.erdosproblems.com/522
524,https://teorth.github.io/erdosproblems/,https://www.erdosproblems.com/524
528,https://teorth.github.io/erdosproblems/,https://www.erdosproblems.com/528
529,https://teorth.github.io/erdosproblems/,https://www.erdosproblems.com/529
530,https://teorth.github.io/erdosproblems/,https://www.erdosproblems.com/530
531,https://teorth.github.io/erdosproblems/,https://www.erdosproblems.com/531
533,https://teorth.github.io/erdosproblems/,https://www.erdosproblems.com/533
535,https://teorth.github.io/erdosproblems/,https://www.erdosproblems.com/535
536,https://teorth.github.io/erdosproblems/,https://www.erdosproblems.com/536
538,https://teorth.github.io/erdosproblems/,https://www.erdosproblems.com/538
539,https://teorth.github.io/erdosproblems/,https://www.erdosproblems.com/539
543,https://teorth.github.io/erdosproblems/,https://www.erdosproblems.com/543
544,https://teorth.github.io/erdosproblems/,https://www.erdosproblems.com/544
545,https://teorth.github.io/erdosproblems/,https://www.erdosproblems.com/545
548,https://teorth.github.io/erdosproblems/,https://www.erdosproblems.com/548
550,https://teorth.github.io/erdosproblems/,https://www.erdosproblems.com/550
552,https://teorth.github.io/erdosproblems/,https://www.erdosproblems.com/552
554,https://teorth.github.io/erdosproblems/,https://www.erdosproblems.com/554
555,https://teorth.github.io/erdosproblems/,https://www.erdosproblems.com/555
557,https://teorth.github.io/erdosproblems/,https://www.erdosproblems.com/557
558,https://teorth.github.io/erdosproblems/,https://www.erdosproblems.com/558
560,https://teorth.github.io/erdosproblems/,https://www.erdosproblems.com/560
561,https://teorth.github.io/erdosproblems/,https://www.erdosproblems.com/561
562,https://teorth.github.io/erdosproblems/,https://www.erdosproblems.com/562
563,https://teorth.github.io/erdosproblems/,https://www.erdosproblems.com/563
564,https://teorth.github.io/erdosproblems/,https://www.erdosproblems.com/564
566,https://teorth.github.io/erdosproblems/,https://www.erdosproblems.com/566
567,https://teorth.github.io/erdosproblems/,https://www.erdosproblems.com/567
568,https://teorth.github.io/erdosproblems/,https://www.erdosproblems.com/568
569,https://teorth.github.io/erdosproblems/,https://www.erdosproblems.com/569
570,https://teorth.github.io/erdosproblems/,https://www.erdosproblems.com/570
571,https://teorth.github.io/erdosproblems/,https://www.erdosproblems.com/571
572,https://teorth.github.io/erdosproblems/,https://www.erdosproblems.com/572
573,https://teorth.github.io/erdosproblems/,https://www.erdosproblems.com/573
574,https://teorth.github.io/erdosproblems/,https://www.erdosproblems.com/574
575,https://teorth.github.io/erdosproblems/,https://www.erdosproblems.com/575
576,https://teorth.github.io/erdosproblems/,https://www.erdosproblems.com/576
579,https://teorth.github.io/erdosproblems/,https://www.erdosproblems.com/579
583,https://teorth.github.io/erdosproblems/,https://www.erdosproblems.com/583
584,https://teorth.github.io/erdosproblems/,https://www.erdosproblems.com/584
585,https://teorth.github.io/erdosproblems/,https://www.erdosproblems.com/585
588,https://teorth.github.io/erdosproblems/,https://www.erdosproblems.com/588
589,https://teorth.github.io/erdosproblems/,https://www.erdosproblems.com/589
591,https://teorth.github.io/erdosproblems/,https://www.erdosproblems.com/591
592,https://teorth.github.io/erdosproblems/,https://www.erdosproblems.com/592
593,https://teorth.github.io/erdosproblems/,https://www.erdosproblems.com/593
595,https://teorth.github.io/erdosproblems/,https://www.erdosproblems.com/595
596,https://teorth.github.io/erdosproblems/,https://www.erdosproblems.com/596
597,https://teorth.github.io/erdosproblems/,https://www.erdosproblems.com/597
598,https://teorth.github.io/erdosproblems/,https://www.erdosproblems.com/598
600,https://teorth.github.io/erdosproblems/,https://www.erdosproblems.com/600
601,https://teorth.github.io/erdosproblems/,https://www.erdosproblems.com/601
602,https://teorth.github.io/erdosproblems/,https://www.erdosproblems.com/602
603,https://teorth.github.io/erdosproblems/,https://www.erdosproblems.com/603
604,https://teorth.github.io/erdosproblems/,https://www.erdosproblems.com/604
609,https://teorth.github.io/erdosproblems/,https://www.erdosproblems.com/609
610,https://teorth.github.io/erdosproblems/,https://www.erdosproblems.com/610
611,https://teorth.github.io/erdosproblems/,https://www.erdosproblems.com/611
612,https://teorth.github.io/erdosproblems/,https://www.erdosproblems.com/612
614,https://teorth.github.io/erdosproblems/,https://www.erdosproblems.com/614
616,https://teorth.github.io/erdosproblems/,https://www.erdosproblems.com/616
617,https://teorth.github.io/erdosproblems/,https://www.erdosproblems.com/617
619,https://teorth.github.io/erdosproblems/,https://www.erdosproblems.com/619
620,https://teorth.github.io/erdosproblems/,https://www.erdosproblems.com/620
623,https://teorth.github.io/erdosproblems/,https://www.erdosproblems.com/623
624,https://teorth.github.io/erdosproblems/,https://www.erdosproblems.com/624
625,https://teorth.github.io/erdosproblems/,https://www.erdosproblems.com/625
626,https://teorth.github.io/erdosproblems/,https://www.erdosproblems.com/626
627,https://teorth.github.io/erdosproblems/,https://www.erdosproblems.com/627
628,https://teorth.github.io/erdosproblems/,https://www.erdosproblems.com/628
629,https://teorth.github.io/erdosproblems/,https://www.erdosproblems.com/629
633,https://teorth.github.io/erdosproblems/,https://www.erdosproblems.com/633
634,https://teorth.github.io/erdosproblems/,https://www.erdosproblems.com/634
635,https://teorth.github.io/erdosproblems/,https://www.erdosproblems.com/635
638,https://teorth.github.io/erdosproblems/,https://www.erdosproblems.com/638
640,https://teorth.github.io/erdosproblems/,https://www.erdosproblems.com/640
642,https://teorth.github.io/erdosproblems/,https://www.erdosproblems.com/642
643,https://teorth.github.io/erdosproblems/,https://www.erdosproblems.com/643
644,https://teorth.github.io/erdosproblems/,https://www.erdosproblems.com/644
647,https://teorth.github.io/erdosproblems/,https://www.erdosproblems.com/647
650,https://teorth.github.io/erdosproblems/,https://www.erdosproblems.com/650
652,https://teorth.github.io/erdosproblems/,https://www.erdosproblems.com/652
653,https://teorth.github.io/erdosproblems/,https://www.erdosproblems.com/653
654,https://teorth.github.io/erdosproblems/,https://www.erdosproblems.com/654
655,https://teorth.github.io/erdosproblems/,https://www.erdosproblems.com/655
657,https://teorth.github.io/erdosproblems/,https://www.erdosproblems.com/657
660,https://teorth.github.io/erdosproblems/,https://www.erdosproblems.com/660
661,https://teorth.github.io/erdosproblems/,https://www.erdosproblems.com/661
662,https://teorth.github.io/erdosproblems/,https://www.erdosproblems.com/662
663,https://teorth.github.io/erdosproblems/,https://www.erdosproblems.com/663
665,https://teorth.github.io/erdosproblems/,https://www.erdosproblems.com/665
667,https://teorth.github.io/erdosproblems/,https://www.erdosproblems.com/667
668,https://teorth.github.io/erdosproblems/,https://www.erdosproblems.com/668
669,https://teorth.github.io/erdosproblems/,https://www.erdosproblems.com/669
670,https://teorth.github.io/erdosproblems/,https://www.erdosproblems.com/670
671,https://teorth.github.io/erdosproblems/,https://www.erdosproblems.com/671
672,https://teorth.github.io/erdosproblems/,https://www.erdosproblems.com/672
675,https://teorth.github.io/erdosproblems/,https://www.erdosproblems.com/675
676,https://teorth.github.io/erdosproblems/,https://www.erdosproblems.com/676
677,https://teorth.github.io/erdosproblems/,https://www.erdosproblems.com/677
679,https://teorth.github.io/erdosproblems/,https://www.erdosproblems.com/679
680,https://teorth.github.io/erdosproblems/,https://www.erdosproblems.com/680
681,https://teorth.github.io/erdosproblems/,https://www.erdosproblems.com/681
683,https://teorth.github.io/erdosproblems/,https://www.erdosproblems.com/683
684,https://teorth.github.io/erdosproblems/,https://www.erdosproblems.com/684
685,https://teorth.github.io/erdosproblems/,https://www.erdosproblems.com/685
686,https://teorth.github.io/erdosproblems/,https://www.erdosproblems.com/686
687,https://teorth.github.io/erdosproblems/,https://www.erdosproblems.com/687
688,https://teorth.github.io/erdosproblems/,https://www.erdosproblems.com/688
689,https://teorth.github.io/erdosproblems/,https://www.erdosproblems.com/689
690,https://teorth.github.io/erdosproblems/,https://www.erdosproblems.com/690
691,https://teorth.github.io/erdosproblems/,https://www.erdosproblems.com/691
693,https://teorth.github.io/erdosproblems/,https://www.erdosproblems.com/693
694,https://teorth.github.io/erdosproblems/,https://www.erdosproblems.com/694
695,https://teorth.github.io/erdosproblems/,https://www.erdosproblems.com/695
696,https://teorth.github.io/erdosproblems/,https://www.erdosproblems.com/696
699,https://teorth.github.io/erdosproblems/,https://www.erdosproblems.com/699
700,https://teorth.github.io/erdosproblems/,https://www.erdosproblems.com/700
701,https://teorth.github.io/erdosproblems/,https://www.erdosproblems.com/701
704,https://teorth.github.io/erdosproblems/,https://www.erdosproblems.com/704
705,https://teorth.github.io/erdosproblems/,https://www.erdosproblems.com/705
706,https://teorth.github.io/erdosproblems/,https://www.erdosproblems.com/706
708,https://teorth.github.io/erdosproblems/,https://www.erdosproblems.com/708
709,https://teorth.github.io/erdosproblems/,https://www.erdosproblems.com/709
710,https://teorth.github.io/erdosproblems/,https://www.erdosproblems.com/710
711,https://teorth.github.io/erdosproblems/,https://www.erdosproblems.com/711
712,https://teorth.github.io/erdosproblems/,https://www.erdosproblems.com/712
713,https://teorth.github.io/erdosproblems/,https://www.erdosproblems.com/713
714,https://teorth.github.io/erdosproblems/,https://www.erdosproblems.com/714
719,https://teorth.github.io/erdosproblems/,https://www.erdosproblems.com/719
723,https://teorth.github.io/erdosproblems/,https://www.erdosproblems.com/723
724,https://teorth.github.io/erdosproblems/,https://www.erdosproblems.com/724
725,https://teorth.github.io/erdosproblems/,https://www.erdosproblems.com/725
726,https://teorth.github.io/erdosproblems/,https://www.erdosproblems.com/726
727,https://teorth.github.io/erdosproblems/,https://www.erdosproblems.com/727
730,https://teorth.github.io/erdosproblems/,https://www.erdosproblems.com/730
731,https://teorth.github.io/erdosproblems/,https://www.erdosproblems.com/731
734,https://teorth.github.io/erdosproblems/,https://www.erdosproblems.com/734
738,https://teorth.github.io/erdosproblems/,https://www.erdosproblems.com/738
740,https://teorth.github.io/erdosproblems/,https://www.erdosproblems.com/740
741,https://teorth.github.io/erdosproblems/,https://www.erdosproblems.com/741
743,https://teorth.github.io/erdosproblems/,https://www.erdosproblems.com/743
749,https://teorth.github.io/erdosproblems/,https://www.erdosproblems.com/749
750,https://teorth.github.io/erdosproblems/,https://www.erdosproblems.com/750
757,https://teorth.github.io/erdosproblems/,https://www.erdosproblems.com/757
761,https://teorth.github.io/erdosproblems/,https://www.erdosproblems.com/761
766,https://teorth.github.io/erdosproblems/,https://www.erdosproblems.com/766
768,https://teorth.github.io/erdosproblems/,https://www.erdosproblems.com/768
769,https://teorth.github.io/erdosproblems/,https://www.erdosproblems.com/769
770,https://teorth.github.io/erdosproblems/,https://www.erdosproblems.com/770
773,https://teorth.github.io/erdosproblems/,https://www.erdosproblems.com/773
774,https://teorth.github.io/erdosproblems/,https://www.erdosproblems.com/774
776,https://teorth.github.io/erdosproblems/,https://www.erdosproblems.com/776
778,https://teorth.github.io/erdosproblems/,https://www.erdosproblems.com/778
779,https://teorth.github.io/erdosproblems/,https://www.erdosproblems.com/779
782,https://teorth.github.io/erdosproblems/,https://www.erdosproblems.com/782
783,https://teorth.github.io/erdosproblems/,https://www.erdosproblems.com/783
786,https://teorth.github.io/erdosproblems/,https://www.erdosproblems.com/786
787,https://teorth.github.io/erdosproblems/,https://www.erdosproblems.com/787
788,https://teorth.github.io/erdosproblems/,https://www.erdosproblems.com/788
789,https://teorth.github.io/erdosproblems/,https://www.erdosproblems.com/789
790,https://teorth.github.io/erdosproblems/,https://www.erdosproblems.com/790
791,https://teorth.github.io/erdosproblems/,https://www.erdosproblems.com/791
792,https://teorth.github.io/erdosproblems/,https://www.erdosproblems.com/792
793,https://teorth.github.io/erdosproblems/,https://www.erdosproblems.com/793
796,https://teorth.github.io/erdosproblems/,https://www.erdosproblems.com/796
802,https://teorth.github.io/erdosproblems/,https://www.erdosproblems.com/802
805,https://teorth.github.io/erdosproblems/,https://www.erdosproblems.com/805
809,https://teorth.github.io/erdosproblems/,https://www.erdosproblems.com/809
810,https://teorth.github.io/erdosproblems/,https://www.erdosproblems.com/810
811,https://teorth.github.io/erdosproblems/,https://www.erdosproblems.com/811
812,https://teorth.github.io/erdosproblems/,https://www.erdosproblems.com/812
813,https://teorth.github.io/erdosproblems/,https://www.erdosproblems.com/813
817,https://teorth.github.io/erdosproblems/,https://www.erdosproblems.com/817
819,https://teorth.github.io/erdosproblems/,https://www.erdosproblems.com/819
820,https://teorth.github.io/erdosproblems/,https://www.erdosproblems.com/820
821,https://teorth.github.io/erdosproblems/,https://www.erdosproblems.com/821
824,https://teorth.github.io/erdosproblems/,https://www.erdosproblems.com/824
825,https://teorth.github.io/erdosproblems/,https://www.erdosproblems.com/825
826,https://teorth.github.io/erdosproblems/,https://www.erdosproblems.com/826
827,https://teorth.github.io/erdosproblems/,https://www.erdosproblems.com/827
828,https://teorth.github.io/erdosproblems/,https://www.erdosproblems.com/828
829,https://teorth.github.io/erdosproblems/,https://www.erdosproblems.com/829
830,https://teorth.github.io/erdosproblems/,https://www.erdosproblems.com/830
831,https://teorth.github.io/erdosproblems/,https://www.erdosproblems.com/831
835,https://teorth.github.io/erdosproblems/,https://www.erdosproblems.com/835
836,https://teorth.github.io/erdosproblems/,https://www.erdosproblems.com/836
837,https://teorth.github.io/erdosproblems/,https://www.erdosproblems.com/837
838,https://teorth.github.io/erdosproblems/,https://www.erdosproblems.com/838
839,https://teorth.github.io/erdosproblems/,https://www.erdosproblems.com/839
840,https://teorth.github.io/erdosproblems/,https://www.erdosproblems.com/840
846,https://teorth.github.io/erdosproblems/,https://www.erdosproblems.com/846
847,https://teorth.github.io/erdosproblems/,https://www.erdosproblems.com/847
849,https://teorth.github.io/erdosproblems/,https://www.erdosproblems.com/849
850,https://teorth.github.io/erdosproblems/,https://www.erdosproblems.com/850
851,https://teorth.github.io/erdosproblems/,https://www.erdosproblems.com/851
852,https://teorth.github.io/erdosproblems/,https://www.erdosproblems.com/852
853,https://teorth.github.io/erdosproblems/,https://www.erdosproblems.com/853
854,https://teorth.github.io/erdosproblems/,https://www.erdosproblems.com/854
855,https://teorth.github.io/erdosproblems/,https://www.erdosproblems.com/855
856,https://teorth.github.io/erdosproblems/,https://www.erdosproblems.com/856
857,https://teorth.github.io/erdosproblems/,https://www.erdosproblems.com/857
858,https://teorth.github.io/erdosproblems/,https://www.erdosproblems.com/858
859,https://teorth.github.io/erdosproblems/,https://www.erdosproblems.com/859
860,https://teorth.github.io/erdosproblems/,https://www.erdosproblems.com/860
863,https://teorth.github.io/erdosproblems/,https://www.erdosproblems.com/863
864,https://teorth.github.io/erdosproblems/,https://www.erdosproblems.com/864
865,https://teorth.github.io/erdosproblems/,https://www.erdosproblems.com/865
866,https://teorth.github.io/erdosproblems/,https://www.erdosproblems.com/866
868,https://teorth.github.io/erdosproblems/,https://www.erdosproblems.com/868
869,https://teorth.github.io/erdosproblems/,https://www.erdosproblems.com/869
870,https://teorth.github.io/erdosproblems/,https://www.erdosproblems.com/870
872,https://teorth.github.io/erdosproblems/,https://www.erdosproblems.com/872
873,https://teorth.github.io/erdosproblems/,https://www.erdosproblems.com/873
875,https://teorth.github.io/erdosproblems/,https://www.erdosproblems.com/875
876,https://teorth.github.io/erdosproblems/,https://www.erdosproblems.com/876
878,https://teorth.github.io/erdosproblems/,https://www.erdosproblems.com/878
879,https://teorth.github.io/erdosproblems/,https://www.erdosproblems.com/879
881,https://teorth.github.io/erdosproblems/,https://www.erdosproblems.com/881
883,https://teorth.github.io/erdosproblems/,https://www.erdosproblems.com/883
884,https://teorth.github.io/erdosproblems/,https://www.erdosproblems.com/884
885,https://teorth.github.io/erdosproblems/,https://www.erdosproblems.com/885
886,https://teorth.github.io/erdosproblems/,https://www.erdosproblems.com/886
887,https://teorth.github.io/erdosproblems/,https://www.erdosproblems.com/887
888,https://teorth.github.io/erdosproblems/,https://www.erdosproblems.com/888
889,https://teorth.github.io/erdosproblems/,https://www.erdosproblems.com/889
890,https://teorth.github.io/erdosproblems/,https://www.erdosproblems.com/890
891,https://teorth.github.io/erdosproblems/,https://www.erdosproblems.com/891
892,https://teorth.github.io/erdosproblems/,https://www.erdosproblems.com/892
893,https://teorth.github.io/erdosproblems/,https://www.erdosproblems.com/893
896,https://teorth.github.io/erdosproblems/,https://www.erdosproblems.com/896
901,https://teorth.github.io/erdosproblems/,https://www.erdosproblems.com/901
902,https://teorth.github.io/erdosproblems/,https://www.erdosproblems.com/902
906,https://teorth.github.io/erdosproblems/,https://www.erdosproblems.com/906
911,https://teorth.github.io/erdosproblems/,https://www.erdosproblems.com/911
912,https://teorth.github.io/erdosproblems/,https://www.erdosproblems.com/912
913,https://teorth.github.io/erdosproblems/,https://www.erdosproblems.com/913
917,https://teorth.github.io/erdosproblems/,https://www.erdosproblems.com/917
918,https://teorth.github.io/erdosproblems/,https://www.erdosproblems.com/918
919,https://teorth.github.io/erdosproblems/,https://www.erdosproblems.com/919
920,https://teorth.github.io/erdosproblems/,https://www.erdosproblems.com/920
928,https://teorth.github.io/erdosproblems/,https://www.erdosproblems.com/928
929,https://teorth.github.io/erdosproblems/,https://www.erdosproblems.com/929
930,https://teorth.github.io/erdosproblems/,https://www.erdosproblems.com/930
931,https://teorth.github.io/erdosproblems/,https://www.erdosproblems.com/931
932,https://teorth.github.io/erdosproblems/,https://www.erdosproblems.com/932
933,https://teorth.github.io/erdosproblems/,https://www.erdosproblems.com/933
934,https://teorth.github.io/erdosproblems/,https://www.erdosproblems.com/934
935,https://teorth.github.io/erdosproblems/,https://www.erdosproblems.com/935
936,https://teorth.github.io/erdosproblems/,https://www.erdosproblems.com/936
938,https://teorth.github.io/erdosproblems/,https://www.erdosproblems.com/938
939,https://teorth.github.io/erdosproblems/,https://www.erdosproblems.com/939
940,https://teorth.github.io/erdosproblems/,https://www.erdosproblems.com/940
942,https://teorth.github.io/erdosproblems/,https://www.erdosproblems.com/942
943,https://teorth.github.io/erdosproblems/,https://www.erdosproblems.com/943
944,https://teorth.github.io/erdosproblems/,https://www.erdosproblems.com/944
945,https://teorth.github.io/erdosproblems/,https://www.erdosproblems.com/945
948,https://teorth.github.io/erdosproblems/,https://www.erdosproblems.com/948
949,https://teorth.github.io/erdosproblems/,https://www.erdosproblems.com/949
950,https://teorth.github.io/erdosproblems/,https://www.erdosproblems.com/950
951,https://teorth.github.io/erdosproblems/,https://www.erdosproblems.com/951
952,https://teorth.github.io/erdosproblems/,https://www.erdosproblems.com/952
953,https://teorth.github.io/erdosproblems/,https://www.erdosproblems.com/953
954,https://teorth.github.io/erdosproblems/,https://www.erdosproblems.com/954
955,https://teorth.github.io/erdosproblems/,https://www.erdosproblems.com/955
956,https://teorth.github.io/erdosproblems/,https://www.erdosproblems.com/956
959,https://teorth.github.io/erdosproblems/,https://www.erdosproblems.com/959
960,https://teorth.github.io/erdosproblems/,https://www.erdosproblems.com/960
961,https://teorth.github.io/erdosproblems/,https://www.erdosproblems.com/961
962,https://teorth.github.io/erdosproblems/,https://www.erdosproblems.com/962
963,https://teorth.github.io/erdosproblems/,https://www.erdosproblems.com/963
968,https://teorth.github.io/erdosproblems/,https://www.erdosproblems.com/968
969,https://teorth.github.io/erdosproblems/,https://www.erdosproblems.com/969
970,https://teorth.github.io/erdosproblems/,https://www.erdosproblems.com/970
971,https://teorth.github.io/erdosproblems/,https://www.erdosproblems.com/971
972,https://teorth.github.io/erdosproblems/,https://www.erdosproblems.com/972
973,https://teorth.github.io/erdosproblems/,https://www.erdosproblems.com/973
975,https://teorth.github.io/erdosproblems/,https://www.erdosproblems.com/975
976,https://teorth.github.io/erdosproblems/,https://www.erdosproblems.com/976
978,https://teorth.github.io/erdosproblems/,https://www.erdosproblems.com/978
979,https://teorth.github.io/erdosproblems/,https://www.erdosproblems.com/979
982,https://teorth.github.io/erdosproblems/,https://www.erdosproblems.com/982
983,https://teorth.github.io/erdosproblems/,https://www.erdosproblems.com/983
985,https://teorth.github.io/erdosproblems/,https://www.erdosproblems.com/985
986,https://teorth.github.io/erdosproblems/,https://www.erdosproblems.com/986
987,https://teorth.github.io/erdosproblems/,https://www.erdosproblems.com/987
990,https://teorth.github.io/erdosproblems/,https://www.erdosproblems.com/990
992,https://teorth.github.io/erdosproblems/,https://www.erdosproblems.com/992
993,https://teorth.github.io/erdosproblems/,https://www.erdosproblems.com/993
995,https://teorth.github.io/erdosproblems/,https://www.erdosproblems.com/995
996,https://teorth.github.io/erdosproblems/,https://www.erdosproblems.com/996
997,https://teorth.github.io/erdosproblems/,https://www.erdosproblems.com/997
1002,https://teorth.github.io/erdosproblems/,https://www.erdosproblems.com/1002
1003,https://teorth.github.io/erdosproblems/,https://www.erdosproblems.com/1003
1004,https://teorth.github.io/erdosproblems/,https://www.erdosproblems.com/1004
1005,https://teorth.github.io/erdosproblems/,https://www.erdosproblems.com/1005
1011,https://teorth.github.io/erdosproblems/,https://www.erdosproblems.com/1011
1013,https://teorth.github.io/erdosproblems/,https://www.erdosproblems.com/1013
1014,https://teorth.github.io/erdosproblems/,https://www.erdosproblems.com/1014
1016,https://teorth.github.io/erdosproblems/,https://www.erdosproblems.com/1016
1017,https://teorth.github.io/erdosproblems/,https://www.erdosproblems.com/1017
1020,https://teorth.github.io/erdosproblems/,https://www.erdosproblems.com/1020
1021,https://teorth.github.io/erdosproblems/,https://www.erdosproblems.com/1021
1022,https://teorth.github.io/erdosproblems/,https://www.erdosproblems.com/1022
1029,https://teorth.github.io/erdosproblems/,https://www.erdosproblems.com/1029
1030,https://teorth.github.io/erdosproblems/,https://www.erdosproblems.com/1030
1032,https://teorth.github.io/erdosproblems/,https://www.erdosproblems.com/1032
1033,https://teorth.github.io/erdosproblems/,https://www.erdosproblems.com/1033
1035,https://teorth.github.io/erdosproblems/,https://www.erdosproblems.com/1035
1038,https://teorth.github.io/erdosproblems/,https://www.erdosproblems.com/1038
1039,https://teorth.github.io/erdosproblems/,https://www.erdosproblems.com/1039
1040,https://teorth.github.io/erdosproblems/,https://www.erdosproblems.com/1040
1041,https://teorth.github.io/erdosproblems/,https://www.erdosproblems.com/1041
1044,https://teorth.github.io/erdosproblems/,https://www.erdosproblems.com/1044
1045,https://teorth.github.io/erdosproblems/,https://www.erdosproblems.com/1045
1049,https://teorth.github.io/erdosproblems/,https://www.erdosproblems.com/1049
1051,https://teorth.github.io/erdosproblems/,https://www.erdosproblems.com/1051
1052,https://teorth.github.io/erdosproblems/,https://www.erdosproblems.com/1052
1053,https://teorth.github.io/erdosproblems/,https://www.erdosproblems.com/1053
1054,https://teorth.github.io/erdosproblems/,https://www.erdosproblems.com/1054
1055,https://teorth.github.io/erdosproblems/,https://www.erdosproblems.com/1055
1056,https://teorth.github.io/erdosproblems/,https://www.erdosproblems.com/1056
1057,https://teorth.github.io/erdosproblems/,https://www.erdosproblems.com/1057
1059,https://teorth.github.io/erdosproblems/,https://www.erdosproblems.com/1059
1060,https://teorth.github.io/erdosproblems/,https://www.erdosproblems.com/1060
1061,https://teorth.github.io/erdosproblems/,https://www.erdosproblems.com/1061
1062,https://teorth.github.io/erdosproblems/,https://www.erdosproblems.com/1062
1063,https://teorth.github.io/erdosproblems/,https://www.erdosproblems.com/1063
1065,https://teorth.github.io/erdosproblems/,https://www.erdosproblems.com/1065
1066,https://teorth.github.io/erdosproblems/,https://www.erdosproblems.com/1066
1068,https://teorth.github.io/erdosproblems/,https://www.erdosproblems.com/1068
1070,https://teorth.github.io/erdosproblems/,https://www.erdosproblems.com/1070
1071,https://teorth.github.io/erdosproblems/,https://www.erdosproblems.com/1071
1072,https://teorth.github.io/erdosproblems/,https://www.erdosproblems.com/1072
1073,https://teorth.github.io/erdosproblems/,https://www.erdosproblems.com/1073
1074,https://teorth.github.io/erdosproblems/,https://www.erdosproblems.com/1074
1075,https://teorth.github.io/erdosproblems/,https://www.erdosproblems.com/1075
1082,https://teorth.github.io/erdosproblems/,https://www.erdosproblems.com/1082
1083,https://teorth.github.io/erdosproblems/,https://www.erdosproblems.com/1083
1084,https://teorth.github.io/erdosproblems/,https://www.erdosproblems.com/1084
1085,https://teorth.github.io/erdosproblems/,https://www.erdosproblems.com/1085
1086,https://teorth.github.io/erdosproblems/,https://www.erdosproblems.com/1086
1087,https://teorth.github.io/erdosproblems/,https://www.erdosproblems.com/1087
1088,https://teorth.github.io/erdosproblems/,https://www.erdosproblems.com/1088
1089,https://teorth.github.io/erdosproblems/,https://www.erdosproblems.com/1089
1091,https://teorth.github.io/erdosproblems/,https://www.erdosproblems.com/1091
1092,https://teorth.github.io/erdosproblems/,https://www.erdosproblems.com/1092
1093,https://teorth.github.io/erdosproblems/,https://www.erdosproblems.com/1093
1094,https://teorth.github.io/erdosproblems/,https://www.erdosproblems.com/1094
1095,https://teorth.github.io/erdosproblems/,https://www.erdosproblems.com/1095
1096,https://teorth.github.io/erdosproblems/,https://www.erdosproblems.com/1096
1097,https://teorth.github.io/erdosproblems/,https://www.erdosproblems.com/1097
1100,https://teorth.github.io/erdosproblems/,https://www.erdosproblems.com/1100
1101,https://teorth.github.io/erdosproblems/,https://www.erdosproblems.com/1101
1103,https://teorth.github.io/erdosproblems/,https://www.erdosproblems.com/1103
1104,https://teorth.github.io/erdosproblems/,https://www.erdosproblems.com/1104
1105,https://teorth.github.io/erdosproblems/,https://www.erdosproblems.com/1105
1106,https://teorth.github.io/erdosproblems/,https://www.erdosproblems.com/1106
1107,https://teorth.github.io/erdosproblems/,https://www.erdosproblems.com/1107
1108,https://teorth.github.io/erdosproblems/,https://www.erdosproblems.com/1108
1109,https://teorth.github.io/erdosproblems/,https://www.erdosproblems.com/1109
1110,https://teorth.github.io/erdosproblems/,https://www.erdosproblems.com/1110
1111,https://teorth.github.io/erdosproblems/,https://www.erdosproblems.com/1111
1112,https://teorth.github.io/erdosproblems/,https://www.erdosproblems.com/1112
1113,https://teorth.github.io/erdosproblems/,https://www.erdosproblems.com/1113
1117,https://teorth.github.io/erdosproblems/,https://www.erdosproblems.com/1117
1119,https://teorth.github.io/erdosproblems/,https://www.erdosproblems.com/1119
1120,https://teorth.github.io/erdosproblems/,https://www.erdosproblems.com/1120
1122,https://teorth.github.io/erdosproblems/,https://www.erdosproblems.com/1122
1127,https://teorth.github.io/erdosproblems/,https://www.erdosproblems.com/1127
1129,https://teorth.github.io/erdosproblems/,https://www.erdosproblems.com/1129
1130,https://teorth.github.io/erdosproblems/,https://www.erdosproblems.com/1130
1131,https://teorth.github.io/erdosproblems/,https://www.erdosproblems.com/1131
1132,https://teorth.github.io/erdosproblems/,https://www.erdosproblems.com/1132
1133,https://teorth.github.io/erdosproblems/,https://www.erdosproblems.com/1133
1135,https://teorth.github.io/erdosproblems/,https://www.erdosproblems.com/1135